﻿Code Domaine,Domaine,Code zone (M49),Zone,Code Élément,Élément,Code Produit,Produit,Code année,Année,Unité,Valeur,Symbole,Description du Symbole,Note
"MK","Indicateurs macro","004","Afghanistan","6119","Valeur US $ par habitant","22011","Revenu national brut","2017","2017","US$","537.126294","X","Ciffre de sources internationales",""
"MK","Indicateurs macro","710","Afrique du Sud","6119","Valeur US $ par habitant","22011","Revenu national brut","2017","2017","US$","6537.504869","X","Ciffre de sources internationales",""
"MK","Indicateurs macro","008","Albanie","6119","Valeur US $ par habitant","22011","Revenu national brut","2017","2017","US$","4532.791976","X","Ciffre de sources internationales",""
"MK","Indicateurs macro","012","Algérie","6119","Valeur US $ par habitant","22011","Revenu national brut","2017","2017","US$","4081.775086","X","Ciffre de sources internationales",""
"MK","Indicateurs macro","276","Allemagne","6119","Valeur US $ par habitant","22011","Revenu national brut","2017","2017","US$","45734.557505","X","Ciffre de sources internationales",""
"MK","Indicateurs macro","020","Andorre","6119","Valeur US $ par habitant","22011","Revenu national brut","2017","2017","US$","40632.206414","X","Ciffre de sources internationales",""
"MK","Indicateurs macro","024","Angola","6119","Valeur US $ par habitant","22011","Revenu national brut","2017","2017","US$","3791.443852","X","Ciffre de sources internationales",""
"MK","Indicateurs macro","660","Anguilla","6119","Valeur US $ par habitant","22011","Revenu national brut","2017","2017","US$","17882.386081","X","Ciffre de sources internationales",""
"MK","Indicateurs macro","028","Antigua-et-Barbuda","6119","Valeur US $ par habitant","22011","Revenu national brut","2017","2017","US$","15667.510958","X","Ciffre de sources internationales",""
"MK","Indicateurs macro","682","Arabie saoudite","6119","Valeur US $ par habitant","22011","Revenu national brut","2017","2017","US$","20451.017286","X","Ciffre de sources internationales",""
"MK","Indicateurs macro","032","Argentine","6119","Valeur US $ par habitant","22011","Revenu national brut","2017","2017","US$","14236.884208","X","Ciffre de sources internationales",""
"MK","Indicateurs macro","051","Arménie","6119","Valeur US $ par habitant","22011","Revenu national brut","2017","2017","US$","4184.835842","X","Ciffre de sources internationales",""
"MK","Indicateurs macro","533","Aruba","6119","Valeur US $ par habitant","22011","Revenu national brut","2017","2017","US$","27711.355779","X","Ciffre de sources internationales",""
"MK","Indicateurs macro","036","Australie","6119","Valeur US $ par habitant","22011","Revenu national brut","2017","2017","US$","55633.45264","X","Ciffre de sources internationales",""
"MK","Indicateurs macro","040","Autriche","6119","Valeur US $ par habitant","22011","Revenu national brut","2017","2017","US$","46984.806575","X","Ciffre de sources internationales",""
"MK","Indicateurs macro","031","Azerbaïdjan","6119","Valeur US $ par habitant","22011","Revenu national brut","2017","2017","US$","3904.220947","X","Ciffre de sources internationales",""
"MK","Indicateurs macro","044","Bahamas","6119","Valeur US $ par habitant","22011","Revenu national brut","2017","2017","US$","30065.911483","X","Ciffre de sources internationales",""
"MK","Indicateurs macro","048","Bahreïn","6119","Valeur US $ par habitant","22011","Revenu national brut","2017","2017","US$","22984.116619","X","Ciffre de sources internationales",""
"MK","Indicateurs macro","050","Bangladesh","6119","Valeur US $ par habitant","22011","Revenu national brut","2017","2017","US$","1847.62568","X","Ciffre de sources internationales",""
"MK","Indicateurs macro","052","Barbade","6119","Valeur US $ par habitant","22011","Revenu national brut","2017","2017","US$","17041.773858","X","Ciffre de sources internationales",""
"MK","Indicateurs macro","112","Bélarus","6119","Valeur US $ par habitant","22011","Revenu national brut","2017","2017","US$","5425.470757","X","Ciffre de sources internationales",""
"MK","Indicateurs macro","056","Belgique","6119","Valeur US $ par habitant","22011","Revenu national brut","2017","2017","US$","44567.104136","X","Ciffre de sources internationales",""
"MK","Indicateurs macro","084","Belize","6119","Valeur US $ par habitant","22011","Revenu national brut","2017","2017","US$","5687.517007","X","Ciffre de sources internationales",""
"MK","Indicateurs macro","204","Bénin","6119","Valeur US $ par habitant","22011","Revenu national brut","2017","2017","US$","1083.18161","X","Ciffre de sources internationales",""
"MK","Indicateurs macro","060","Bermudes","6119","Valeur US $ par habitant","22011","Revenu national brut","2017","2017","US$","114601.928092","X","Ciffre de sources internationales",""
"MK","Indicateurs macro","064","Bhoutan","6119","Valeur US $ par habitant","22011","Revenu national brut","2017","2017","US$","2959.239214","X","Ciffre de sources internationales",""
"MK","Indicateurs macro","068","Bolivie (État plurinational de)","6119","Valeur US $ par habitant","22011","Revenu national brut","2017","2017","US$","3202.604089","X","Ciffre de sources internationales",""
"MK","Indicateurs macro","070","Bosnie-Herzégovine","6119","Valeur US $ par habitant","22011","Revenu national brut","2017","2017","US$","5211.893837","X","Ciffre de sources internationales",""
"MK","Indicateurs macro","072","Botswana","6119","Valeur US $ par habitant","22011","Revenu national brut","2017","2017","US$","6136.369105","X","Ciffre de sources internationales",""
"MK","Indicateurs macro","076","Brésil","6119","Valeur US $ par habitant","22011","Revenu national brut","2017","2017","US$","9711.697669","X","Ciffre de sources internationales",""
"MK","Indicateurs macro","096","Brunéi Darussalam","6119","Valeur US $ par habitant","22011","Revenu national brut","2017","2017","US$","29861.266582","X","Ciffre de sources internationales",""
"MK","Indicateurs macro","100","Bulgarie","6119","Valeur US $ par habitant","22011","Revenu national brut","2017","2017","US$","8056.92041","X","Ciffre de sources internationales",""
"MK","Indicateurs macro","854","Burkina Faso","6119","Valeur US $ par habitant","22011","Revenu national brut","2017","2017","US$","684.484364","X","Ciffre de sources internationales",""
"MK","Indicateurs macro","108","Burundi","6119","Valeur US $ par habitant","22011","Revenu national brut","2017","2017","US$","295.780939","X","Ciffre de sources internationales",""
"MK","Indicateurs macro","132","Cabo Verde","6119","Valeur US $ par habitant","22011","Revenu national brut","2017","2017","US$","3025.033509","X","Ciffre de sources internationales",""
"MK","Indicateurs macro","116","Cambodge","6119","Valeur US $ par habitant","22011","Revenu national brut","2017","2017","US$","1313.916887","X","Ciffre de sources internationales",""
"MK","Indicateurs macro","120","Cameroun","6119","Valeur US $ par habitant","22011","Revenu national brut","2017","2017","US$","1453.605425","X","Ciffre de sources internationales",""
"MK","Indicateurs macro","124","Canada","6119","Valeur US $ par habitant","22011","Revenu national brut","2017","2017","US$","44551.243918","X","Ciffre de sources internationales",""
"MK","Indicateurs macro","152","Chili","6119","Valeur US $ par habitant","22011","Revenu national brut","2017","2017","US$","14460.646434","X","Ciffre de sources internationales",""
"MK","Indicateurs macro","159","Chine","6119","Valeur US $ par habitant","22011","Revenu national brut","2017","2017","US$","8803.738876","X","Ciffre de sources internationales",""
"MK","Indicateurs macro","344","Chine - RAS de Hong-Kong","6119","Valeur US $ par habitant","22011","Revenu national brut","2017","2017","US$","47724.637597","X","Ciffre de sources internationales",""
"MK","Indicateurs macro","446","Chine - RAS de Macao","6119","Valeur US $ par habitant","22011","Revenu national brut","2017","2017","US$","70300.937271","X","Ciffre de sources internationales",""
"MK","Indicateurs macro","156","Chine, continentale","6119","Valeur US $ par habitant","22011","Revenu national brut","2017","2017","US$","8717.69827","X","Ciffre de sources internationales",""
"MK","Indicateurs macro","196","Chypre","6119","Valeur US $ par habitant","22011","Revenu national brut","2017","2017","US$","18410.134329","X","Ciffre de sources internationales",""
"MK","Indicateurs macro","170","Colombie","6119","Valeur US $ par habitant","22011","Revenu national brut","2017","2017","US$","6339.886355","X","Ciffre de sources internationales",""
"MK","Indicateurs macro","174","Comores","6119","Valeur US $ par habitant","22011","Revenu national brut","2017","2017","US$","1422.397988","X","Ciffre de sources internationales",""
"MK","Indicateurs macro","178","Congo","6119","Valeur US $ par habitant","22011","Revenu national brut","2017","2017","US$","1795.115841","X","Ciffre de sources internationales",""
"MK","Indicateurs macro","188","Costa Rica","6119","Valeur US $ par habitant","22011","Revenu national brut","2017","2017","US$","11484.727761","X","Ciffre de sources internationales",""
"MK","Indicateurs macro","384","Côte d'Ivoire","6119","Valeur US $ par habitant","22011","Revenu national brut","2017","2017","US$","2014.324313","X","Ciffre de sources internationales",""
"MK","Indicateurs macro","191","Croatie","6119","Valeur US $ par habitant","22011","Revenu national brut","2017","2017","US$","13365.33749","X","Ciffre de sources internationales",""
"MK","Indicateurs macro","192","Cuba","6119","Valeur US $ par habitant","22011","Revenu national brut","2017","2017","US$","8423.922752","X","Ciffre de sources internationales",""
"MK","Indicateurs macro","531","Curaçao","6119","Valeur US $ par habitant","22011","Revenu national brut","2017","2017","US$","18808.647869","X","Ciffre de sources internationales",""
"MK","Indicateurs macro","208","Danemark","6119","Valeur US $ par habitant","22011","Revenu national brut","2017","2017","US$","59155.35262","X","Ciffre de sources internationales",""
"MK","Indicateurs macro","262","Djibouti","6119","Valeur US $ par habitant","22011","Revenu national brut","2017","2017","US$","2778.46767","X","Ciffre de sources internationales",""
"MK","Indicateurs macro","212","Dominique","6119","Valeur US $ par habitant","22011","Revenu national brut","2017","2017","US$","6896.64424","X","Ciffre de sources internationales",""
"MK","Indicateurs macro","818","Égypte","6119","Valeur US $ par habitant","22011","Revenu national brut","2017","2017","US$","1879.897311","X","Ciffre de sources internationales",""
"MK","Indicateurs macro","222","El Salvador","6119","Valeur US $ par habitant","22011","Revenu national brut","2017","2017","US$","3764.619843","X","Ciffre de sources internationales",""
"MK","Indicateurs macro","784","Émirats arabes unis","6119","Valeur US $ par habitant","22011","Revenu national brut","2017","2017","US$","42828.65341","X","Ciffre de sources internationales",""
"MK","Indicateurs macro","218","Équateur","6119","Valeur US $ par habitant","22011","Revenu national brut","2017","2017","US$","6100.410171","X","Ciffre de sources internationales",""
"MK","Indicateurs macro","232","Érythrée","6119","Valeur US $ par habitant","22011","Revenu national brut","2017","2017","US$","554.104714","X","Ciffre de sources internationales",""
"MK","Indicateurs macro","724","Espagne","6119","Valeur US $ par habitant","22011","Revenu national brut","2017","2017","US$","28201.404061","X","Ciffre de sources internationales",""
"MK","Indicateurs macro","233","Estonie","6119","Valeur US $ par habitant","22011","Revenu national brut","2017","2017","US$","19932.665237","X","Ciffre de sources internationales",""
"MK","Indicateurs macro","748","Eswatini","6119","Valeur US $ par habitant","22011","Revenu national brut","2017","2017","US$","3566.576151","X","Ciffre de sources internationales",""
"MK","Indicateurs macro","840","États-Unis d'Amérique","6119","Valeur US $ par habitant","22011","Revenu national brut","2017","2017","US$","60297.391594","X","Ciffre de sources internationales",""
"MK","Indicateurs macro","231","Éthiopie","6119","Valeur US $ par habitant","22011","Revenu national brut","2017","2017","US$","705.544502","X","Ciffre de sources internationales",""
"MK","Indicateurs macro","643","Fédération de Russie","6119","Valeur US $ par habitant","22011","Revenu national brut","2017","2017","US$","10533.649822","X","Ciffre de sources internationales",""
"MK","Indicateurs macro","242","Fidji","6119","Valeur US $ par habitant","22011","Revenu national brut","2017","2017","US$","5364.839418","X","Ciffre de sources internationales",""
"MK","Indicateurs macro","246","Finlande","6119","Valeur US $ par habitant","22011","Revenu national brut","2017","2017","US$","46435.935525","X","Ciffre de sources internationales",""
"MK","Indicateurs macro","250","France","6119","Valeur US $ par habitant","22011","Revenu national brut","2017","2017","US$","41372.562733","X","Ciffre de sources internationales",""
"MK","Indicateurs macro","266","Gabon","6119","Valeur US $ par habitant","22011","Revenu national brut","2017","2017","US$","6534.800237","X","Ciffre de sources internationales",""
"MK","Indicateurs macro","270","Gambie","6119","Valeur US $ par habitant","22011","Revenu national brut","2017","2017","US$","620.13502","X","Ciffre de sources internationales",""
"MK","Indicateurs macro","268","Géorgie","6119","Valeur US $ par habitant","22011","Revenu national brut","2017","2017","US$","4095.347973","X","Ciffre de sources internationales",""
"MK","Indicateurs macro","288","Ghana","6119","Valeur US $ par habitant","22011","Revenu national brut","2017","2017","US$","1900.205463","X","Ciffre de sources internationales",""
"MK","Indicateurs macro","300","Grèce","6119","Valeur US $ par habitant","22011","Revenu national brut","2017","2017","US$","18596.921371","X","Ciffre de sources internationales",""
"MK","Indicateurs macro","308","Grenade","6119","Valeur US $ par habitant","22011","Revenu national brut","2017","2017","US$","8447.112851","X","Ciffre de sources internationales",""
"MK","Indicateurs macro","304","Groenland","6119","Valeur US $ par habitant","22011","Revenu national brut","2017","2017","US$","49613.454799","X","Ciffre de sources internationales",""
"MK","Indicateurs macro","320","Guatemala","6119","Valeur US $ par habitant","22011","Revenu national brut","2017","2017","US$","4230.056852","X","Ciffre de sources internationales",""
"MK","Indicateurs macro","324","Guinée","6119","Valeur US $ par habitant","22011","Revenu national brut","2017","2017","US$","839.328359","X","Ciffre de sources internationales",""
"MK","Indicateurs macro","226","Guinée équatoriale","6119","Valeur US $ par habitant","22011","Revenu national brut","2017","2017","US$","7342.970682","X","Ciffre de sources internationales",""
"MK","Indicateurs macro","624","Guinée-Bissau","6119","Valeur US $ par habitant","22011","Revenu national brut","2017","2017","US$","719.711565","X","Ciffre de sources internationales",""
"MK","Indicateurs macro","328","Guyana","6119","Valeur US $ par habitant","22011","Revenu national brut","2017","2017","US$","6605.049435","X","Ciffre de sources internationales",""
"MK","Indicateurs macro","332","Haïti","6119","Valeur US $ par habitant","22011","Revenu national brut","2017","2017","US$","1408.072278","X","Ciffre de sources internationales",""
"MK","Indicateurs macro","340","Honduras","6119","Valeur US $ par habitant","22011","Revenu national brut","2017","2017","US$","2256.313381","X","Ciffre de sources internationales",""
"MK","Indicateurs macro","348","Hongrie","6119","Valeur US $ par habitant","22011","Revenu national brut","2017","2017","US$","14028.279014","X","Ciffre de sources internationales",""
"MK","Indicateurs macro","136","Îles Caïmanes","6119","Valeur US $ par habitant","22011","Revenu national brut","2017","2017","US$","54425.988298","X","Ciffre de sources internationales",""
"MK","Indicateurs macro","184","Îles Cook","6119","Valeur US $ par habitant","22011","Revenu national brut","2017","2017","US$","19868.295217","X","Ciffre de sources internationales",""
"MK","Indicateurs macro","584","Îles Marshall","6119","Valeur US $ par habitant","22011","Revenu national brut","2017","2017","US$","5805.370123","X","Ciffre de sources internationales",""
"MK","Indicateurs macro","090","Îles Salomon","6119","Valeur US $ par habitant","22011","Revenu national brut","2017","2017","US$","2237.997123","X","Ciffre de sources internationales",""
"MK","Indicateurs macro","796","Îles Turques-et-Caïques","6119","Valeur US $ par habitant","22011","Revenu national brut","2017","2017","US$","28076.291939","X","Ciffre de sources internationales",""
"MK","Indicateurs macro","092","Îles Vierges britanniques","6119","Valeur US $ par habitant","22011","Revenu national brut","2017","2017","US$","39663.163074","X","Ciffre de sources internationales",""
"MK","Indicateurs macro","356","Inde","6119","Valeur US $ par habitant","22011","Revenu national brut","2017","2017","US$","1916.967715","X","Ciffre de sources internationales",""
"MK","Indicateurs macro","360","Indonésie","6119","Valeur US $ par habitant","22011","Revenu national brut","2017","2017","US$","3718.099567","X","Ciffre de sources internationales",""
"MK","Indicateurs macro","364","Iran (République islamique d')","6119","Valeur US $ par habitant","22011","Revenu national brut","2017","2017","US$","5968.006238","X","Ciffre de sources internationales",""
"MK","Indicateurs macro","368","Iraq","6119","Valeur US $ par habitant","22011","Revenu national brut","2017","2017","US$","4389.505429","X","Ciffre de sources internationales",""
"MK","Indicateurs macro","372","Irlande","6119","Valeur US $ par habitant","22011","Revenu national brut","2017","2017","US$","56058.607933","X","Ciffre de sources internationales",""
"MK","Indicateurs macro","352","Islande","6119","Valeur US $ par habitant","22011","Revenu national brut","2017","2017","US$","72312.699778","X","Ciffre de sources internationales",""
"MK","Indicateurs macro","376","Israël","6119","Valeur US $ par habitant","22011","Revenu national brut","2017","2017","US$","42541.509812","X","Ciffre de sources internationales",""
"MK","Indicateurs macro","380","Italie","6119","Valeur US $ par habitant","22011","Revenu national brut","2017","2017","US$","32876.705685","X","Ciffre de sources internationales",""
"MK","Indicateurs macro","388","Jamaïque","6119","Valeur US $ par habitant","22011","Revenu national brut","2017","2017","US$","5094.335734","X","Ciffre de sources internationales",""
"MK","Indicateurs macro","392","Japon","6119","Valeur US $ par habitant","22011","Revenu national brut","2017","2017","US$","40369.112621","X","Ciffre de sources internationales",""
"MK","Indicateurs macro","400","Jordanie","6119","Valeur US $ par habitant","22011","Revenu national brut","2017","2017","US$","4033.39071","X","Ciffre de sources internationales",""
"MK","Indicateurs macro","398","Kazakhstan","6119","Valeur US $ par habitant","22011","Revenu national brut","2017","2017","US$","8104.51541","X","Ciffre de sources internationales",""
"MK","Indicateurs macro","404","Kenya","6119","Valeur US $ par habitant","22011","Revenu national brut","2017","2017","US$","1645.153436","X","Ciffre de sources internationales",""
"MK","Indicateurs macro","417","Kirghizistan","6119","Valeur US $ par habitant","22011","Revenu national brut","2017","2017","US$","1196.356744","X","Ciffre de sources internationales",""
"MK","Indicateurs macro","296","Kiribati","6119","Valeur US $ par habitant","22011","Revenu national brut","2017","2017","US$","2984.736961","X","Ciffre de sources internationales",""
"MK","Indicateurs macro","414","Koweït","6119","Valeur US $ par habitant","22011","Revenu national brut","2017","2017","US$","33810.294518","X","Ciffre de sources internationales",""
"MK","Indicateurs macro","426","Lesotho","6119","Valeur US $ par habitant","22011","Revenu national brut","2017","2017","US$","1206.394583","X","Ciffre de sources internationales",""
"MK","Indicateurs macro","428","Lettonie","6119","Valeur US $ par habitant","22011","Revenu national brut","2017","2017","US$","15554.71888","X","Ciffre de sources internationales",""
"MK","Indicateurs macro","422","Liban","6119","Valeur US $ par habitant","22011","Revenu national brut","2017","2017","US$","8645.64944","X","Ciffre de sources internationales",""
"MK","Indicateurs macro","430","Libéria","6119","Valeur US $ par habitant","22011","Revenu national brut","2017","2017","US$","522.924492","X","Ciffre de sources internationales",""
"MK","Indicateurs macro","434","Libye","6119","Valeur US $ par habitant","22011","Revenu national brut","2017","2017","US$","10635.694924","X","Ciffre de sources internationales",""
"MK","Indicateurs macro","438","Liechtenstein","6119","Valeur US $ par habitant","22011","Revenu national brut","2017","2017","US$","178117.963683","X","Ciffre de sources internationales",""
"MK","Indicateurs macro","440","Lituanie","6119","Valeur US $ par habitant","22011","Revenu national brut","2017","2017","US$","15848.768221","X","Ciffre de sources internationales",""
"MK","Indicateurs macro","442","Luxembourg","6119","Valeur US $ par habitant","22011","Revenu national brut","2017","2017","US$","78873.81106","X","Ciffre de sources internationales",""
"MK","Indicateurs macro","807","Macédoine du Nord","6119","Valeur US $ par habitant","22011","Revenu national brut","2017","2017","US$","5141.799417","X","Ciffre de sources internationales",""
"MK","Indicateurs macro","450","Madagascar","6119","Valeur US $ par habitant","22011","Revenu national brut","2017","2017","US$","489.753651","X","Ciffre de sources internationales",""
"MK","Indicateurs macro","458","Malaisie","6119","Valeur US $ par habitant","22011","Revenu national brut","2017","2017","US$","9698.577462","X","Ciffre de sources internationales",""
"MK","Indicateurs macro","454","Malawi","6119","Valeur US $ par habitant","22011","Revenu national brut","2017","2017","US$","491.598016","X","Ciffre de sources internationales",""
"MK","Indicateurs macro","462","Maldives","6119","Valeur US $ par habitant","22011","Revenu national brut","2017","2017","US$","9268.018455","X","Ciffre de sources internationales",""
"MK","Indicateurs macro","466","Mali","6119","Valeur US $ par habitant","22011","Revenu national brut","2017","2017","US$","769.744888","X","Ciffre de sources internationales",""
"MK","Indicateurs macro","470","Malte","6119","Valeur US $ par habitant","22011","Revenu national brut","2017","2017","US$","25310.086716","X","Ciffre de sources internationales",""
"MK","Indicateurs macro","504","Maroc","6119","Valeur US $ par habitant","22011","Revenu national brut","2017","2017","US$","3285.128668","X","Ciffre de sources internationales",""
"MK","Indicateurs macro","480","Maurice","6119","Valeur US $ par habitant","22011","Revenu national brut","2017","2017","US$","10705.015706","X","Ciffre de sources internationales",""
"MK","Indicateurs macro","478","Mauritanie","6119","Valeur US $ par habitant","22011","Revenu national brut","2017","2017","US$","1611.405907","X","Ciffre de sources internationales",""
"MK","Indicateurs macro","484","Mexique","6119","Valeur US $ par habitant","22011","Revenu national brut","2017","2017","US$","9189.424483","X","Ciffre de sources internationales",""
"MK","Indicateurs macro","583","Micronésie (États fédérés de)","6119","Valeur US $ par habitant","22011","Revenu national brut","2017","2017","US$","3772.115412","X","Ciffre de sources internationales",""
"MK","Indicateurs macro","492","Monaco","6119","Valeur US $ par habitant","22011","Revenu national brut","2017","2017","US$","173611.814788","X","Ciffre de sources internationales",""
"MK","Indicateurs macro","496","Mongolie","6119","Valeur US $ par habitant","22011","Revenu national brut","2017","2017","US$","3188.63986","X","Ciffre de sources internationales",""
"MK","Indicateurs macro","499","Monténégro","6119","Valeur US $ par habitant","22011","Revenu national brut","2017","2017","US$","7836.892325","X","Ciffre de sources internationales",""
"MK","Indicateurs macro","500","Montserrat","6119","Valeur US $ par habitant","22011","Revenu national brut","2017","2017","US$","12905.031015","X","Ciffre de sources internationales",""
"MK","Indicateurs macro","508","Mozambique","6119","Valeur US $ par habitant","22011","Revenu national brut","2017","2017","US$","451.421118","X","Ciffre de sources internationales",""
"MK","Indicateurs macro","104","Myanmar","6119","Valeur US $ par habitant","22011","Revenu national brut","2017","2017","US$","1297.857753","X","Ciffre de sources internationales",""
"MK","Indicateurs macro","516","Namibie","6119","Valeur US $ par habitant","22011","Revenu national brut","2017","2017","US$","5351.575587","X","Ciffre de sources internationales",""
"MK","Indicateurs macro","520","Nauru","6119","Valeur US $ par habitant","22011","Revenu national brut","2017","2017","US$","13018.782212","X","Ciffre de sources internationales",""
"MK","Indicateurs macro","524","Népal","6119","Valeur US $ par habitant","22011","Revenu national brut","2017","2017","US$","1055.21536","X","Ciffre de sources internationales",""
"MK","Indicateurs macro","558","Nicaragua","6119","Valeur US $ par habitant","22011","Revenu national brut","2017","2017","US$","2016.961658","X","Ciffre de sources internationales",""
"MK","Indicateurs macro","562","Niger","6119","Valeur US $ par habitant","22011","Revenu national brut","2017","2017","US$","506.18862","X","Ciffre de sources internationales",""
"MK","Indicateurs macro","566","Nigéria","6119","Valeur US $ par habitant","22011","Revenu national brut","2017","2017","US$","1781.800633","X","Ciffre de sources internationales",""
"MK","Indicateurs macro","578","Norvège","6119","Valeur US $ par habitant","22011","Revenu national brut","2017","2017","US$","78263.704686","X","Ciffre de sources internationales",""
"MK","Indicateurs macro","540","Nouvelle-Calédonie","6119","Valeur US $ par habitant","22011","Revenu national brut","2017","2017","US$","32263.340715","X","Ciffre de sources internationales",""
"MK","Indicateurs macro","554","Nouvelle-Zélande","6119","Valeur US $ par habitant","22011","Revenu national brut","2017","2017","US$","41898.140322","X","Ciffre de sources internationales",""
"MK","Indicateurs macro","512","Oman","6119","Valeur US $ par habitant","22011","Revenu national brut","2017","2017","US$","17159.05945","X","Ciffre de sources internationales",""
"MK","Indicateurs macro","800","Ouganda","6119","Valeur US $ par habitant","22011","Revenu national brut","2017","2017","US$","768.806073","X","Ciffre de sources internationales",""
"MK","Indicateurs macro","860","Ouzbékistan","6119","Valeur US $ par habitant","22011","Revenu national brut","2017","2017","US$","1981.41417","X","Ciffre de sources internationales",""
"MK","Indicateurs macro","586","Pakistan","6119","Valeur US $ par habitant","22011","Revenu national brut","2017","2017","US$","1622.065505","X","Ciffre de sources internationales",""
"MK","Indicateurs macro","585","Palaos","6119","Valeur US $ par habitant","22011","Revenu national brut","2017","2017","US$","16006.475697","X","Ciffre de sources internationales",""
"MK","Indicateurs macro","275","Palestine","6119","Valeur US $ par habitant","22011","Revenu national brut","2017","2017","US$","3883.685564","X","Ciffre de sources internationales",""
"MK","Indicateurs macro","591","Panama","6119","Valeur US $ par habitant","22011","Revenu national brut","2017","2017","US$","14074.323442","X","Ciffre de sources internationales",""
"MK","Indicateurs macro","598","Papouasie-Nouvelle-Guinée","6119","Valeur US $ par habitant","22011","Revenu national brut","2017","2017","US$","2445.947445","X","Ciffre de sources internationales",""
"MK","Indicateurs macro","600","Paraguay","6119","Valeur US $ par habitant","22011","Revenu national brut","2017","2017","US$","5934.25591","X","Ciffre de sources internationales",""
"MK","Indicateurs macro","528","Pays-Bas (Royaume des)","6119","Valeur US $ par habitant","22011","Revenu national brut","2017","2017","US$","47903.524246","X","Ciffre de sources internationales",""
"MK","Indicateurs macro","604","Pérou","6119","Valeur US $ par habitant","22011","Revenu national brut","2017","2017","US$","6369.144199","X","Ciffre de sources internationales",""
"MK","Indicateurs macro","608","Philippines","6119","Valeur US $ par habitant","22011","Revenu national brut","2017","2017","US$","3416.936678","X","Ciffre de sources internationales",""
"MK","Indicateurs macro","616","Pologne","6119","Valeur US $ par habitant","22011","Revenu national brut","2017","2017","US$","13038.382428","X","Ciffre de sources internationales",""
"MK","Indicateurs macro","258","Polynésie française","6119","Valeur US $ par habitant","22011","Revenu national brut","2017","2017","US$","19743.958991","X","Ciffre de sources internationales",""
"MK","Indicateurs macro","630","Porto Rico","6119","Valeur US $ par habitant","22011","Revenu national brut","2017","2017","US$","20511.328395","X","Ciffre de sources internationales",""
"MK","Indicateurs macro","620","Portugal","6119","Valeur US $ par habitant","22011","Revenu national brut","2017","2017","US$","20971.254073","X","Ciffre de sources internationales",""
"MK","Indicateurs macro","634","Qatar","6119","Valeur US $ par habitant","22011","Revenu national brut","2017","2017","US$","59252.999146","X","Ciffre de sources internationales",""
"MK","Indicateurs macro","760","République arabe syrienne","6119","Valeur US $ par habitant","22011","Revenu national brut","2017","2017","US$","1033.30681","X","Ciffre de sources internationales",""
"MK","Indicateurs macro","140","République centrafricaine","6119","Valeur US $ par habitant","22011","Revenu national brut","2017","2017","US$","435.871219","X","Ciffre de sources internationales",""
"MK","Indicateurs macro","410","République de Corée","6119","Valeur US $ par habitant","22011","Revenu national brut","2017","2017","US$","31653.445098","X","Ciffre de sources internationales",""
"MK","Indicateurs macro","498","République de Moldova","6119","Valeur US $ par habitant","22011","Revenu national brut","2017","2017","US$","3213.625065","X","Ciffre de sources internationales",""
"MK","Indicateurs macro","180","République démocratique du Congo","6119","Valeur US $ par habitant","22011","Revenu national brut","2017","2017","US$","438.573351","X","Ciffre de sources internationales",""
"MK","Indicateurs macro","418","République démocratique populaire lao","6119","Valeur US $ par habitant","22011","Revenu national brut","2017","2017","US$","2310.713765","X","Ciffre de sources internationales",""
"MK","Indicateurs macro","214","République dominicaine","6119","Valeur US $ par habitant","22011","Revenu national brut","2017","2017","US$","7157.180078","X","Ciffre de sources internationales",""
"MK","Indicateurs macro","408","République populaire démocratique de Corée","6119","Valeur US $ par habitant","22011","Revenu national brut","2017","2017","US$","682.051465","X","Ciffre de sources internationales",""
"MK","Indicateurs macro","834","République-Unie de Tanzanie","6119","Valeur US $ par habitant","22011","Revenu national brut","2017","2017","US$","954.733225","X","Ciffre de sources internationales",""
"MK","Indicateurs macro","642","Roumanie","6119","Valeur US $ par habitant","22011","Revenu national brut","2017","2017","US$","10586.721201","X","Ciffre de sources internationales",""
"MK","Indicateurs macro","826","Royaume-Uni de Grande-Bretagne et d'Irlande du Nord","6119","Valeur US $ par habitant","22011","Revenu national brut","2017","2017","US$","40180.334509","X","Ciffre de sources internationales",""
"MK","Indicateurs macro","646","Rwanda","6119","Valeur US $ par habitant","22011","Revenu national brut","2017","2017","US$","732.750322","X","Ciffre de sources internationales",""
"MK","Indicateurs macro","662","Sainte-Lucie","6119","Valeur US $ par habitant","22011","Revenu national brut","2017","2017","US$","10668.132206","X","Ciffre de sources internationales",""
"MK","Indicateurs macro","659","Saint-Kitts-et-Nevis","6119","Valeur US $ par habitant","22011","Revenu national brut","2017","2017","US$","21139.240117","X","Ciffre de sources internationales",""
"MK","Indicateurs macro","674","Saint-Marin","6119","Valeur US $ par habitant","22011","Revenu national brut","2017","2017","US$","41727.768587","X","Ciffre de sources internationales",""
"MK","Indicateurs macro","670","Saint-Vincent-et-les Grenadines","6119","Valeur US $ par habitant","22011","Revenu national brut","2017","2017","US$","8067.203114","X","Ciffre de sources internationales",""
"MK","Indicateurs macro","882","Samoa","6119","Valeur US $ par habitant","22011","Revenu national brut","2017","2017","US$","4142.663054","X","Ciffre de sources internationales",""
"MK","Indicateurs macro","678","Sao Tomé-et-Principe","6119","Valeur US $ par habitant","22011","Revenu national brut","2017","2017","US$","1814.542337","X","Ciffre de sources internationales",""
"MK","Indicateurs macro","686","Sénégal","6119","Valeur US $ par habitant","22011","Revenu national brut","2017","2017","US$","1343.724575","X","Ciffre de sources internationales",""
"MK","Indicateurs macro","688","Serbie","6119","Valeur US $ par habitant","22011","Revenu national brut","2017","2017","US$","5535.277905","X","Ciffre de sources internationales",""
"MK","Indicateurs macro","690","Seychelles","6119","Valeur US $ par habitant","22011","Revenu national brut","2017","2017","US$","13916.512646","X","Ciffre de sources internationales",""
"MK","Indicateurs macro","694","Sierra Leone","6119","Valeur US $ par habitant","22011","Revenu national brut","2017","2017","US$","479.354351","X","Ciffre de sources internationales",""
"MK","Indicateurs macro","702","Singapour","6119","Valeur US $ par habitant","22011","Revenu national brut","2017","2017","US$","55035.258419","X","Ciffre de sources internationales",""
"MK","Indicateurs macro","534","Sint Maarten (partie néerlandaise)","6119","Valeur US $ par habitant","22011","Revenu national brut","2017","2017","US$","29773.478046","X","Ciffre de sources internationales",""
"MK","Indicateurs macro","703","Slovaquie","6119","Valeur US $ par habitant","22011","Revenu national brut","2017","2017","US$","17267.692909","X","Ciffre de sources internationales",""
"MK","Indicateurs macro","705","Slovénie","6119","Valeur US $ par habitant","22011","Revenu national brut","2017","2017","US$","22738.053581","X","Ciffre de sources internationales",""
"MK","Indicateurs macro","706","Somalie","6119","Valeur US $ par habitant","22011","Revenu national brut","2017","2017","US$","375.125155","X","Ciffre de sources internationales",""
"MK","Indicateurs macro","729","Soudan","6119","Valeur US $ par habitant","22011","Revenu national brut","2017","2017","US$","2730.950564","X","Ciffre de sources internationales",""
"MK","Indicateurs macro","728","Soudan du Sud","6119","Valeur US $ par habitant","22011","Revenu national brut","2017","2017","US$","329.563853","X","Ciffre de sources internationales",""
"MK","Indicateurs macro","144","Sri Lanka","6119","Valeur US $ par habitant","22011","Revenu national brut","2017","2017","US$","3957.51311","X","Ciffre de sources internationales",""
"MK","Indicateurs macro","752","Suède","6119","Valeur US $ par habitant","22011","Revenu national brut","2017","2017","US$","54722.389207","X","Ciffre de sources internationales",""
"MK","Indicateurs macro","756","Suisse","6119","Valeur US $ par habitant","22011","Revenu national brut","2017","2017","US$","81118.449926","X","Ciffre de sources internationales",""
"MK","Indicateurs macro","740","Suriname","6119","Valeur US $ par habitant","22011","Revenu national brut","2017","2017","US$","5436.729088","X","Ciffre de sources internationales",""
"MK","Indicateurs macro","762","Tadjikistan","6119","Valeur US $ par habitant","22011","Revenu national brut","2017","2017","US$","967.696202","X","Ciffre de sources internationales",""
"MK","Indicateurs macro","148","Tchad","6119","Valeur US $ par habitant","22011","Revenu national brut","2017","2017","US$","873.288412","X","Ciffre de sources internationales",""
"MK","Indicateurs macro","203","Tchéquie","6119","Valeur US $ par habitant","22011","Revenu national brut","2017","2017","US$","19584.517208","X","Ciffre de sources internationales",""
"MK","Indicateurs macro","764","Thaïlande","6119","Valeur US $ par habitant","22011","Revenu national brut","2017","2017","US$","6148.438573","X","Ciffre de sources internationales",""
"MK","Indicateurs macro","626","Timor-Leste","6119","Valeur US $ par habitant","22011","Revenu national brut","2017","2017","US$","1840.661924","X","Ciffre de sources internationales",""
"MK","Indicateurs macro","768","Togo","6119","Valeur US $ par habitant","22011","Revenu national brut","2017","2017","US$","818.992647","X","Ciffre de sources internationales",""
"MK","Indicateurs macro","776","Tonga","6119","Valeur US $ par habitant","22011","Revenu national brut","2017","2017","US$","4551.723413","X","Ciffre de sources internationales",""
"MK","Indicateurs macro","780","Trinité-et-Tobago","6119","Valeur US $ par habitant","22011","Revenu national brut","2017","2017","US$","16128.689003","X","Ciffre de sources internationales",""
"MK","Indicateurs macro","788","Tunisie","6119","Valeur US $ par habitant","22011","Revenu national brut","2017","2017","US$","3485.69273","X","Ciffre de sources internationales",""
"MK","Indicateurs macro","795","Turkménistan","6119","Valeur US $ par habitant","22011","Revenu national brut","2017","2017","US$","6090.809807","X","Ciffre de sources internationales",""
"MK","Indicateurs macro","792","Turquie","6119","Valeur US $ par habitant","22011","Revenu national brut","2017","2017","US$","10231.723665","X","Ciffre de sources internationales",""
"MK","Indicateurs macro","798","Tuvalu","6119","Valeur US $ par habitant","22011","Revenu national brut","2017","2017","US$","7454.472889","X","Ciffre de sources internationales",""
"MK","Indicateurs macro","804","Ukraine","6119","Valeur US $ par habitant","22011","Revenu national brut","2017","2017","US$","2546.458559","X","Ciffre de sources internationales",""
"MK","Indicateurs macro","858","Uruguay","6119","Valeur US $ par habitant","22011","Revenu national brut","2017","2017","US$","17886.932041","X","Ciffre de sources internationales",""
"MK","Indicateurs macro","548","Vanuatu","6119","Valeur US $ par habitant","22011","Revenu national brut","2017","2017","US$","3040.11858","X","Ciffre de sources internationales",""
"MK","Indicateurs macro","862","Venezuela (République bolivarienne du)","6119","Valeur US $ par habitant","22011","Revenu national brut","2017","2017","US$","7704.542477","X","Ciffre de sources internationales",""
"MK","Indicateurs macro","704","Viet Nam","6119","Valeur US $ par habitant","22011","Revenu national brut","2017","2017","US$","2199.039303","X","Ciffre de sources internationales",""
"MK","Indicateurs macro","887","Yémen","6119","Valeur US $ par habitant","22011","Revenu national brut","2017","2017","US$","608.982554","X","Ciffre de sources internationales",""
"MK","Indicateurs macro","894","Zambie","6119","Valeur US $ par habitant","22011","Revenu national brut","2017","2017","US$","1448.488895","X","Ciffre de sources internationales",""
"MK","Indicateurs macro","716","Zimbabwe","6119","Valeur US $ par habitant","22011","Revenu national brut","2017","2017","US$","1435.920204","X","Ciffre de sources internationales",""
